,federal_district,week,sum_infections,sum_unemployed,population,yandex_metric,rt_coef,depo_mean_19,depo_salary_19,growth_depo_19,curr_depo_perc_19,fin_wealth_19,soceco_wealth_19,depo_mean_20,depo_salary_20,depo_mean_21,depo_salary_21
2,ДФО,2020-04-20,7.655683117908121e-05,0.017992565032935264,913432.852398524,2.056513459230128,2.912595792710293,149.2185219798046,3.9578593192322087,32.423786764804646,7.980272239806971,44.44157569685792,31.7449889298893,156.64611473963242,4.021766998868746,181.17409251955408,4.289578433909831
3,ДФО,2020-04-27,0.0006059706148822005,0.011442445492222963,962643.869047619,2.0371619156978373,1.2273058212778711,145.51889038765475,3.919308558681177,32.58011506173037,8.1266448359354,43.67789783285119,32.502876984126985,152.7687599968544,3.986658554963324,176.68436960180733,4.258315207650612
4,ДФО,2020-05-04,6.15091757401622e-05,0.007045055976097614,948466.5590551181,2.0357551736930373,1.2146607088261845,143.05498007851682,3.8964168205177256,32.58880020532611,8.001910144389795,43.084377423380744,32.09187401574803,150.2813311174761,3.964746533846051,173.98512774394075,4.235279361762018
5,ДФО,2020-05-11,0.00011163864168643849,0.013985219929449899,946070.2131782946,1.940160293801381,1.0744210147132398,147.72868447451054,3.9431860273011523,32.58312794644547,8.09859818668969,44.2315858356674,32.30618604651163,155.08591957261555,4.009539798693489,179.35102274858295,4.278737248712217
6,ДФО,2020-05-18,5.582155889872233e-05,0.014467112181169394,937851.3023255814,1.8537473143276668,1.1548914829566457,148.18556529561565,3.9537875338037627,32.609206954810816,8.102314754147764,44.13202715410622,32.06396511627907,155.53169458020943,4.0185929238238245,179.82546645670112,4.286709834381404
7,ДФО,2020-05-25,0.00047225955478868596,0.011844917178787759,950365.4462151395,1.8175222002263436,1.1769025207134227,146.12901769964822,3.937564525262334,32.61979594565022,8.125288822898247,43.7095239190431,32.1495577689243,153.42726061380938,4.00465400334811,177.44863668691522,4.273942849065463
8,ДФО,2020-06-01,0.00042442803737634873,0.012207692256699957,959968.4980237155,1.786849469830637,1.2135868666942324,146.70655878535152,3.9367178637530307,32.636987888704134,8.1545315680088,43.88849414742951,32.48992885375494,153.97826992619284,4.003067866494279,178.03051579551507,4.273318946787231
9,ДФО,2020-06-08,0.0002814853436522659,0.008582629545071996,961476.8943089431,1.8101878751394158,0.8954423698167774,146.11815778237914,3.932326750840484,32.699363004504555,8.182647231457688,43.783325805343566,32.482544715447155,153.39968126807705,3.999533017073533,177.43252176658476,4.269536458159807
10,ДФО,2020-06-15,0.0002827661958439595,0.010767564925609447,952118.7075098815,1.7396417760208482,1.1104149621845802,150.77123096805357,3.961681845345777,32.55485432276737,8.211143789394118,44.9756992834632,32.52773122529644,158.20319565131587,4.026807788650574,182.79506049762716,4.297208832445749
11,ДФО,2020-06-22,0.00017535269123319748,0.010069057212012034,938816.79296875,1.7798448122063968,1.0922018256973065,146.10616503939258,3.931555688218769,32.58841582757347,8.042368336729226,43.68882408067282,32.09215234375,153.38429679812174,3.997217600490352,177.43426336223993,4.26605644236018
12,ДФО,2020-06-29,0.0006981641812333719,0.008330504227533453,953723.7822580645,1.7554784760848938,0.9519843873107402,148.26853502242471,3.9487098501484597,32.74003454350994,8.152122564414626,44.277103397855306,32.500443548387096,155.5927123345781,4.013867722063662,179.8781593653238,4.282092833655999
13,ДФО,2020-07-06,0.00044192095370178367,0.009111633643584353,948457.8,1.7532833937796592,1.3324898758722912,147.59401377640958,3.9545193443435283,32.58133744040877,8.12638677968908,43.95205160870994,32.239054901960785,154.8885233977465,4.019541087964525,179.05152134969677,4.2887961421534815
14,ДФО,2020-07-13,0.0003977828875167405,0.00853282012677533,947400.728,1.7507678539447946,1.1034511288070419,144.2869291147406,3.914163351137971,32.51079788246306,8.029069390866063,43.268895802875996,32.104804,151.51293258293816,3.981247118124141,175.30648822471522,4.252137870502727
15,ДФО,2020-07-20,0.00013591517084004013,0.0077948498892368165,948703.324,1.740580007653646,0.9750522586654169,148.00150049481917,3.9472190247146215,32.63663421519878,8.133884178721802,44.29351603856862,32.348324,155.3778401669409,4.013615176364096,179.70452364660315,4.282591255153509
16,ДФО,2020-07-27,0.0006585850966329424,0.008604605608402583,975407.8666666667,1.7821801193603046,1.057792561047273,145.07791951714702,3.922964744454901,32.646882132631,8.206382988499644,43.416301600683575,32.7344,152.2413818543664,3.989483434989211,176.01883033633274,4.261855195831589
17,ДФО,2020-08-03,0.00036966245519342146,0.008511485318152101,970805.8806584362,1.7947262005831723,1.042913727436056,145.48612255552132,3.930816900574783,32.7222028035063,8.182414944058882,43.536918942544574,32.6579670781893,152.679787055065,3.9973541726060717,176.53205161834458,4.267715393407595
18,ДФО,2020-08-10,0.00037574025443578543,0.0069204483257440455,974792.3375,1.7885776256369394,1.145082649171871,144.00194144825932,3.923730050853308,32.618287619384354,8.18734987145276,43.12356975543582,32.533875,151.15139126190888,3.9915278552112814,174.77007636809802,4.263434488021416
19,ДФО,2020-08-17,0.0002030683184178548,0.006113166947417177,973472.5145228215,1.7784604765492753,0.9501846797238289,145.35164156475915,3.931103174016493,32.69478530569158,8.174420278964186,43.53979387857372,32.72251037344398,152.54705226399187,3.9979611766105716,176.39206209588693,4.268743296735654
20,ДФО,2020-08-24,0.0003017352059013971,0.005579594468953783,980357.9866666667,1.7710146814691403,1.1529327914628817,147.4465615696834,3.9488560653573543,32.65594692470467,8.257041499449427,44.17047748704603,33.13339111111111,154.6977098430935,4.015259284849219,178.8287549120723,4.287057478687331
21,ДФО,2020-08-31,0.0005927405128569208,0.004966823788676775,997216.7748917749,1.7616931198442627,1.112894088023452,140.79138767579568,3.9097870762968086,32.72063384522416,8.262253814759392,42.10398123555908,32.59466666666667,147.76378042178266,3.978661607030125,170.81357837810418,4.251639303207581
22,ДФО,2020-09-07,0.0002870833392212052,0.006117147842212516,959270.5867768595,1.7278915860255093,1.0395123903544112,141.73707008246927,3.8947012153008083,32.43478218308072,8.073119285576736,42.62520313539923,32.24440909090909,148.84784636551095,3.9631999025220894,172.26486784892285,4.236785815348758
23,ДФО,2020-09-14,0.00029377435010407215,0.0054291424569681895,968661.264957265,1.746793862470826,1.1683570094971945,145.20632605718265,3.9124429797272726,32.622651254994516,8.179364579369523,43.635303260152305,32.56751282051282,152.43095961121776,3.980606916082078,176.2407050933762,4.252447641217885
24,ДФО,2020-09-21,0.00013145318463001258,0.005219858683373155,972440.1191489361,1.7187178630444917,1.090103031019875,148.06251754883473,3.9490604953812727,32.60315617393697,8.253132394492741,44.3524271090063,32.69937872340426,155.41008365725762,4.016874953418806,179.61750113410167,4.288316590708778
25,ДФО,2020-09-28,0.000670521853722727,0.005659066997734343,945562.2282157677,1.6028400166695354,1.0520366837621822,147.30995166106428,3.932710603241235,32.47521478099691,8.118210875714723,43.993447605469065,32.30472199170124,154.57440695394007,3.9978850582638006,178.65949319444283,4.269057054852253
26,ДФО,2020-10-05,0.00036372638344984044,0.005189638091807578,953631.0456431535,1.8932018383670097,1.0256530415713567,148.48375214372217,3.9436992262326456,32.62087608609334,8.174585686546058,44.33968513207217,32.49256016597511,155.8122957646559,4.008935657190782,180.10114357377364,4.279117180565531
27,ДФО,2020-10-12,0.0004056292715563105,0.004788921510703003,967232.3903508772,1.8932018383670097,0.98813022185281,146.1958363848779,3.923246998992117,32.58761713504815,8.128830171590577,43.77214588691948,32.688451754385966,153.3835860751973,3.9891387386166626,177.24826682420303,4.260725672260104
28,ДФО,2020-10-19,0.00014792554278301095,0.004913362227289065,978759.5087719298,1.8932018383670097,1.133185715251141,147.90957583818027,3.963689034424658,32.68490882418018,8.356026150727548,43.92926555347518,32.60155263157895,155.16488517916872,4.029725133251062,179.21764311731877,4.300998695925262
29,ДФО,2020-10-26,0.0006811440228593988,0.0034140824919910934,993531.9395348837,1.8932018383670097,1.1612970428413445,143.28242972576794,3.9205321241762827,32.7617752023509,8.341711652011126,42.835299653057945,32.73612093023256,150.343429334535,3.9889121750508028,173.7256743148663,4.261313895865294
30,ПФО,2020-04-06,0.0007410875549379619,0.010336520596223028,2115025.0508849556,2.8337939397036442,1.0778532541718233,119.25073064818817,4.741230105173261,26.79394658858669,9.422128248091289,40.210091904189824,42.19102654867257,124.38269957401411,4.792177269437211,143.69979698451948,5.1668663687722365
31,ПФО,2020-04-13,0.0010277592367941432,0.02997647528318323,2096610.7391304348,2.683274773734234,3.964917645906776,118.83081860032915,4.736856063243224,26.885494423000697,9.36544515203269,40.06632103186451,41.99734782608695,123.9503601341851,4.788237266678041,143.15627540846793,5.160378248973558
32,ПФО,2020-04-20,7.133746756820721e-05,0.0263420633171972,2091977.357142857,2.6842704009129372,2.115360030536566,118.7441052683717,4.736797959856951,26.915563960232756,9.350196830894903,40.03530034674527,41.94542857142857,123.86047527171758,4.788100377283628,143.03497883173836,5.159156477724326
33,ПФО,2020-04-27,0.00031352878902050755,0.018899468367880787,2102651.7374179433,2.4873667210399963,1.3161481229483447,118.95419131201947,4.738532782171423,26.8457016322954,9.385676937006457,40.09638532243797,42.059807439824944,124.0716484174804,4.789476460167384,143.24294486125302,5.1597610158536895
34,ПФО,2020-05-04,7.900932279279313e-05,0.010204182871474406,2109723.068584071,2.3812766854824865,3.951149947046086,119.03345950770138,4.74032441996276,26.81098775591224,9.40055581618569,40.14371635375615,42.14572787610619,124.15834160827701,4.791453125187437,143.37012838318324,5.16301027908002
35,ПФО,2020-05-11,0.00012150646360437617,0.020206007677525204,2113777.2825607066,2.217407005665695,1.0383074540514365,119.17279748390978,4.740636030075458,26.827395209897652,9.415170936787035,40.20781092917656,42.192335540838855,124.30206797550474,4.79134223410819,143.57773129817303,5.165003219492041
36,ПФО,2020-05-18,6.29323883695942e-05,0.018670950900690906,2099839.4890829693,2.041398368328176,1.186314358960962,118.92660035641205,4.738477641306168,26.88612943278591,9.37685277726551,40.10069969390724,42.021989082969434,124.04634236344423,4.788992230097651,143.2960299177489,5.162543051718468
37,ПФО,2020-05-25,0.00027609049628802933,0.017005204128722765,2109648.3010989013,1.8559730466020288,1.2499990732341673,119.11204526046171,4.738712347045566,26.828447932309217,9.403044479678663,40.173141240231914,42.132246153846154,124.23789368875366,4.789874067357002,143.5163952315189,5.164096820276731
38,ПФО,2020-06-01,0.00030909307825801116,0.019429463090116235,2095065.6130434782,1.8131448437941613,1.240194372532263,118.79830468397574,4.737914182418656,26.890206828837115,9.356097599178423,40.03889371476254,41.98100869565217,123.91898209853669,4.789236780416033,143.09590712886728,5.159928267497797
39,ПФО,2020-06-08,0.00025201429934297565,0.012089106510726639,2122241.207589286,1.827207018397177,0.9653354493201879,119.30720680745944,4.7279870419333845,26.744020534772392,9.436866370967993,40.28325271988173,42.28463392857143,124.42618517502444,4.779685089340765,143.6347799108541,5.152906593499373
40,ПФО,2020-06-15,0.000225050542206636,0.015654593794607614,2114842.482300885,1.6476546142494297,0.9640723499482091,119.18989460912974,4.737552540146168,26.791070104173702,9.40991393593395,40.1937480631193,42.19183849557522,124.32005627732498,4.788934959719322,143.59106740102882,5.162710134253271
41,ПФО,2020-06-22,0.00013686676362496624,0.014659524672812117,2111664.647450111,1.764502715835358,0.9460826483064197,119.10100661754856,4.737896085836964,26.79156527253876,9.407690368139646,40.1729173454515,42.15534589800444,124.22491794402433,4.789163899149189,143.47147244049307,5.162272868840603
42,ПФО,2020-06-29,0.00037125821967271726,0.012938709145124759,2106778.944812362,1.6634488665857794,0.9506784439800351,118.94595432750525,4.734387294437625,26.800426808097853,9.393471426238392,40.114321096415544,42.10228035320088,124.06204608158235,4.785821558448444,143.25708694857076,5.158301844377218
43,ПФО,2020-07-06,0.0002541767901238467,0.01274314725818491,2116980.9508928573,1.6326169935564059,1.0741990215097195,119.08201788694942,4.731507442680957,26.79094816632972,9.411642353429999,40.2243931133665,42.21193080357143,124.19986385358935,4.783071998594619,143.41104954967136,5.155423606180347
44,ПФО,2020-07-13,0.0002319475675693879,0.012682908478128236,2114893.4446902657,1.684855691284943,0.991680318471041,119.20574294080737,4.740812858156193,26.78351007192096,9.418374022445317,40.18593862744565,42.197672566371686,124.33579696392006,4.791980422826358,143.58686077913902,5.164269205993309
45,ПФО,2020-07-20,0.00010589541267908997,0.012738630587630664,2114041.993348115,1.7034645190879927,0.9947734866204563,119.15821394697534,4.735582924326669,26.79157419801283,9.419821473444374,40.21653909933907,42.166960088691795,124.27745852577375,4.786608833069576,143.58542126173398,5.163031406149283
46,ПФО,2020-07-27,0.00034569201192950744,0.013941512553564846,2113687.441501104,1.7480762517985176,0.9461905307881284,119.18570415827274,4.740620249338026,26.7910377760282,9.421185338939322,40.19016458657052,42.188900662251655,124.31111357045056,4.791753890099147,143.52902471516322,5.162829775521725
47,ПФО,2020-08-03,0.00023907816761510064,0.012699617843721386,2120772.4776785714,1.7082694996222263,0.9456551607892988,119.30325416545058,4.738021566041324,26.74693244555406,9.442236974324143,40.23962749629013,42.29016517857143,124.43593671331463,4.789411556156355,143.6764837981628,5.161646619592061
48,ПФО,2020-08-10,0.00021985578030211416,0.011758738421796353,2124802.7725225226,1.7544275218618834,1.076106346322441,119.18712132971093,4.732653888256082,26.768021301068988,9.438136708614524,40.274131903884836,42.309986486486494,124.30566207390028,4.783227098806801,143.5225219854497,5.155844912763767
49,ПФО,2020-08-17,0.00011575654916087423,0.010211803936482017,2124110.5033860044,1.682416884348095,1.0159384163030893,119.24281546967464,4.7361233786341215,26.748718935907448,9.431919065836077,40.243327260042484,42.28300677200903,124.36174792116829,4.786475300121911,143.53666837822723,5.156100054760617
50,ПФО,2020-08-24,0.00021699417272147433,0.008503605978077226,2120041.785388128,1.624965659590902,1.005497387174705,118.92699956200264,4.723194856480712,26.77434348650107,9.423663556703277,40.19821766678663,42.27470547945205,124.03828232604202,4.774085282152691,143.16958380016334,5.14397543539585
51,ПФО,2020-08-31,0.00031413281964698815,0.00820952362013705,2123996.5687203794,1.5898786872132744,1.0222838719281568,119.31092661353232,4.730947374133021,26.606674457489078,9.475654179761,40.25781636854528,42.36915165876777,124.42670059851088,4.782928005177069,143.5683138285477,5.154724180794535
52,ПФО,2020-09-07,0.0001888133716051444,0.009370500369429016,2138733.1743119266,1.5890170083871022,1.0555893028611796,119.64671922317591,4.73810971587681,26.629542521712423,9.48563946505131,40.34347944957886,42.476557339449535,124.78659095198114,4.789269781511288,144.10820891051026,5.163602931028039
53,ПФО,2020-09-14,0.00019437447168250347,0.008621017406962304,2119587.4149659863,1.6653366298854317,1.0419404533030852,119.22832420236864,4.736284672275725,26.744149565502024,9.445063802973799,40.27061302351331,42.282820861678,124.35102259646436,4.788003781795243,143.6138789680154,5.162052756658609
54,ПФО,2020-09-21,0.00011186206963055331,0.007715731555894278,2143931.5093023255,1.5477024650517577,1.0396694578929377,119.38892754040252,4.729741473872313,26.68810475126638,9.469517441147934,40.37795469052825,42.540997674418605,124.52269115804474,4.780690370540623,143.71517996904907,5.1499001963419335
55,ПФО,2020-09-28,0.00035094431001284266,0.008048610844397563,2124590.234338747,1.2637890944063128,1.0246182631349932,119.06421735774748,4.728646971810355,26.73610998134194,9.458558512692685,40.28237670634145,42.3439071925754,124.17201680350011,4.779473620426022,143.36185156051346,5.151745542042027
56,ПФО,2020-10-05,0.0002460129353164678,0.007473734894971049,2132267.229698376,1.8932018383670097,1.0771300453225294,119.58064315714891,4.737131166170898,26.72131740921788,9.466518590157534,40.384473650788706,42.421651972157775,124.71184508945616,4.787485618744072,144.02942435220885,5.162002140241809
57,ПФО,2020-10-12,0.00024974708075030356,0.007087157577891504,2143313.4275700934,1.8932018383670097,1.0218434696896102,119.66033617908269,4.737396877452265,26.639722906140396,9.476871305570096,40.36819302062024,42.49673598130841,124.79822330686206,4.787432632180949,144.11020191546314,5.162459483316881
58,ПФО,2020-10-19,0.00011132774876177899,0.00715932442631625,2139168.3192488262,1.89320183836701,1.1006765147308901,119.63728342805386,4.734547045148269,26.594810372844837,9.500327211211077,40.36558020216944,42.50403755868545,124.75720238401406,4.785793036984515,143.95118958522724,5.157180446262134
59,ПФО,2020-10-26,0.0003619232461723845,0.004394268189748659,2166913.713235294,1.8932018383670097,1.0853775660722809,120.41886834765619,4.741573017399709,26.493138914194123,9.60046145595438,40.65929676325115,42.85348039215687,125.57612230742586,4.791240103249,145.07668214838142,5.169333880910131
60,СЗФО,2020-04-06,0.0003913613463204291,0.007587144681980157,1431368.5128205128,3.080157032049501,0.9902836755515818,174.2644733191529,5.242295475487012,26.889653088464282,10.932979679155858,51.63897262982728,42.26004807692308,181.80812830505334,5.2992094185231835,214.9285474217429,5.72679310202167
61,СЗФО,2020-04-13,0.0004510877065776194,0.02398725355784032,1398117.5426829269,2.9921078504628835,1.0181487688965094,173.85761942250812,5.221509905086049,26.848013865901017,10.79479322439457,51.71949609448119,41.89858231707317,181.44756263168819,5.2832647015561385,214.22961805914082,5.701093961793596
62,СЗФО,2020-04-20,0.00011917051517418188,0.017026592765920185,1400162.6941896025,2.8703420524229415,2.1307208343550976,173.5900850857108,5.219761537747497,26.86279931185917,10.799384838823926,51.61915134583813,41.878018348623854,181.15253626728665,5.280588655704179,213.89328322662232,5.699014852097638
63,СЗФО,2020-04-27,0.0008650481718936042,0.013958122647834317,1406779.4427244582,2.7520734002636518,1.6536099949326208,174.0190147704412,5.225463036913022,26.825601542401333,10.827316116222018,51.685155007455855,42.000145510835914,181.60698164114683,5.285375608412018,214.47933532369348,5.705151491726523
64,СЗФО,2020-05-04,0.00016907384251311589,0.007125229140196692,1429287.3674121406,2.685126863530859,1.3626465528457639,175.25845562042556,5.243470683830998,26.798713388654935,10.906974273359948,51.914193396060085,42.32451437699681,182.87728784260133,5.303576186173593,216.14285103093124,5.729334371625225
65,СЗФО,2020-05-11,0.00020356092531662688,0.014992521720395575,1420774.9968454258,2.4534495829935916,1.0909244839189498,174.26563499653105,5.231932741756667,26.89680435271932,10.853581717235896,51.73644749122905,42.160769716088325,181.83195626764444,5.291101661923767,214.79471572738274,5.711328343168461
66,СЗФО,2020-05-18,0.00010566046602826128,0.012360437452817447,1419529.0471698113,2.174036219525058,1.3370696792715937,174.1826807359525,5.234652013512892,26.891426811251698,10.874772984133502,51.667439269916,42.15578301886793,181.74289304520383,5.293443528314373,214.70832967850097,5.715391244712289
67,СЗФО,2020-05-25,0.00050659915084244,0.011691388439960532,1432336.2948717948,1.9664474777149463,1.2581310406539943,175.26624622182155,5.2484778216862225,26.791146417311555,10.92954566637196,51.92025108591984,42.44780448717949,182.88847682446075,5.307539909575307,216.13821878367935,5.7329412131288455
68,СЗФО,2020-06-01,0.0007772841004489669,0.012274244853621002,1427053.1677419355,1.8672448347140296,1.258175957412792,174.93519201967376,5.246523932835893,26.806056282492417,10.955109779781157,51.74136454342792,42.2056,182.55765359949518,5.306415515810809,215.76639867954228,5.732750873730017
69,СЗФО,2020-06-08,0.00036994651494204415,0.0077198263613216574,1442908.1016393444,1.9190927203728865,0.8192806933250255,175.05258285588567,5.249136177304513,26.960380870282247,10.9649277768274,51.82356814305699,42.396131147540984,182.63803808795365,5.306976636795708,215.96745569597573,5.732970207256562
70,СЗФО,2020-06-15,0.0003641160084091358,0.008769945829591688,1438549.364516129,1.7332893815650279,1.2959134289480587,175.59907399056578,5.25399700973627,26.826958042737182,10.943424395434576,51.96751590535309,42.55181612903226,183.22219696007363,5.312906973012414,216.54374350591328,5.737953610607743
71,СЗФО,2020-06-22,0.0001958930976850028,0.007499484218186708,1442365.8594771242,1.7847490207472267,0.9912259626693677,175.37478287611148,5.257168172512275,26.872979246646246,10.977086055424975,51.88701829774427,42.467970588235296,182.97461729902972,5.317448989061242,216.25984923528344,5.743751387803333
72,СЗФО,2020-06-29,0.0010154651694451254,0.008255086967947611,1423728.1867088608,1.7404142365865491,1.0032844283693791,174.50905588855352,5.239076463980009,26.82344386588333,10.89555270869823,51.74958915162626,42.278943037974685,182.0928905113732,5.297757211091905,215.13432680101536,5.721062498039122
73,СЗФО,2020-07-06,0.00037442568401139907,0.008113126225426264,1431507.3717948718,1.688852850120321,0.990950260889586,174.07243495400462,5.235380716565473,26.968115396676005,10.902748341186793,51.62264434388118,42.21727564102564,181.5947002280503,5.293980181937097,214.57861064964132,5.716434862429482
74,СЗФО,2020-07-13,0.00035367341521176925,0.006980861269376614,1435496.2250803858,1.6579335284012144,1.031138434087888,174.95615248007968,5.246570164812019,26.813317740325154,10.94766715244438,51.85219133168442,42.39759807073955,182.53841450521296,5.3069798325550215,215.76065258661973,5.735295103067167
75,СЗФО,2020-07-20,0.0001576605975904456,0.006386595622645294,1454139.3488372094,1.685116628274272,1.0254506150249907,175.96047516575433,5.267890654398867,26.786279361013687,11.04360512010007,51.91246633562482,42.65252823920266,183.57683188237627,5.327123412307737,217.0810342339433,5.7591640375645685
76,СЗФО,2020-07-27,0.000951782191338583,0.007320011611694837,1432101.5533980583,1.7341740700654966,1.0738407267992542,174.86110631248903,5.251779947135058,26.88047648140387,10.977769898357801,51.72085391602382,42.28069579288026,182.45708103821735,5.311532648857351,215.65437430177698,5.738048493706343
77,СЗФО,2020-08-03,0.00036413405740858316,0.006469627503277492,1461598.8316498317,1.7249701577662875,1.0748880689329898,176.08091696133235,5.272335249921351,26.89418208910768,11.04539891733518,51.90381984517151,42.74896296296296,183.69662066275194,5.328125563414509,217.2488292087798,5.756691491281428
78,СЗФО,2020-08-10,0.0003097446263257442,0.006031534676771714,1456014.177257525,1.726618709028243,1.1250045973449343,175.7179363511069,5.258125406115571,26.859080748943395,11.025074766786481,51.94688763810146,42.65791304347826,183.3382479855492,5.31616363518006,216.82971633849593,5.744724580039855
79,СЗФО,2020-08-17,0.00015922326542765986,0.005801190425533302,1450736.725165563,1.697081184797908,1.1073591074501992,176.23800273371586,5.2648990415728685,26.783408194198994,11.031339556183294,52.10346412200901,42.69941059602649,183.90834739780632,5.32404687640884,217.52389380529397,5.754990284590354
80,СЗФО,2020-08-24,0.0003347527035707155,0.005317144110239849,1473535.3862068965,1.7457124587829793,1.079064797965472,178.550566851203,5.2960819996543975,26.855183483608187,11.080986918681633,52.47157352373732,43.059596551724134,186.3253180865259,5.356109268424856,220.3445309724003,5.781399267096084
81,СЗФО,2020-08-31,0.0008534850588165765,0.005549145732856062,1491220.5226480835,1.6591735314399112,1.056494935783632,177.8210269486828,5.300210904544345,26.98733790294396,11.191781999225782,52.33162235420782,43.236362369337975,185.49105352221218,5.358461062839702,219.65617729431628,5.795562115338764
82,СЗФО,2020-09-07,0.0002519977393707185,0.006068205534862351,1462211.5136054421,1.6744529004408275,0.9589414306866327,176.6507440343022,5.27681840161808,26.84636203542848,11.060653630523275,52.04647606469636,42.73157142857143,184.31861347036474,5.335985350306811,217.93709416393474,5.763524433381318
83,СЗФО,2020-09-14,0.00025056761375623164,0.005231082846282196,1475029.2103448275,1.6741196837419254,1.1083289340927194,176.34026167208535,5.279876904478988,26.977753981310475,11.128422074385526,51.92601400522862,42.78004482758621,183.94605578514256,5.337297242231667,217.71598464124602,5.771417958226763
84,СЗФО,2020-09-21,0.0001682871638486001,0.004810867201151972,1473331.0448275863,1.5522929185530923,1.1491932587202276,176.0949975886682,5.251632632448161,26.802237683418387,10.984483301004392,52.04206339080417,42.7956,183.71731693589547,5.306191963343386,217.32208800255975,5.7327431759396985
85,СЗФО,2020-09-28,0.000945570987885825,0.005312075373599631,1459881.393728223,1.2249679169375538,1.162193176128624,176.65319656686756,5.25158162277639,26.78274460913362,10.89902979184229,52.25530322650753,42.752944250871074,184.3320631720141,5.310205363741158,217.77647958337423,5.727118706375948
86,СЗФО,2020-10-05,0.0003173081851775602,0.005209057468486609,1480690.133802817,1.8932018383670097,1.187775616507775,177.03784404706172,5.245410232197919,26.857378238325868,10.850443922368335,52.39390188923367,42.780880281690145,184.70193868641337,5.304005186532553,218.19764801485854,5.715252224541333
87,СЗФО,2020-10-12,0.0003611314326618486,0.00510694549809237,1472896.0790378007,1.8932018383670097,0.9819945324896809,177.70602124461448,5.265439614268134,26.76795156150296,10.948609701549717,52.61776487966886,43.0546116838488,185.44419062837582,5.32688632433036,219.1219189146387,5.744723566159371
88,СЗФО,2020-10-19,0.00018000742031222316,0.0048931477447151876,1470423.615916955,1.8932018383670097,1.1337491365398848,177.11243611819074,5.278067257756328,26.813429823149086,11.062963863838934,52.148846136444426,42.78259169550173,184.80646788137634,5.335766914689549,218.61366127650865,5.7649593160370705
89,СЗФО,2020-10-26,0.0010028889503963646,0.002917779730686899,1519648.6401515151,1.8932018383670097,1.1356537752752174,178.74545262526172,5.3099293434624295,26.981238392386974,11.177117509930563,52.466307028023095,43.446969696969695,186.42748954075512,5.364864364343618,220.7340420844043,5.797055620761297
90,СКФО,2020-04-06,0.0008157407267413523,0.002184750971104235,1512758.224489796,2.1298364520003052,1.0027772967175301,42.455095754601864,1.8913218071548537,25.13858587717597,5.029305262092153,16.971710209929746,25.750474489795916,44.27160017633143,1.9105813519096688,49.45243234709097,2.0519577627411647
91,СКФО,2020-04-13,0.0009420364392894539,0.01305222303304479,1438222.4355555556,2.1414847440251563,1.457293035852335,39.84280740755576,1.7836826896762785,24.744045402799635,4.963788087809362,16.01695794330123,25.213986666666667,41.598206135086336,1.8047279128526275,46.597909941458525,1.9447099501641318
92,СКФО,2020-04-20,9.48699559513894e-05,0.016948163560223797,1431246.5131578948,2.2428827598422245,2.624778382110996,39.56074855684062,1.7703098940296467,24.71929050840825,4.964495069985843,15.958651169953244,25.181302631578944,41.31211323223803,1.791243759635322,46.295414475795866,1.9311853058160333
93,СКФО,2020-04-27,0.00027966003268330787,0.014135604241830673,1439627.1748878923,2.2494251925930273,1.4374851099496944,39.83533507176883,1.7814373387771831,24.74401705725257,4.975571460554559,16.052174253798558,25.26746188340807,41.590300517638205,1.8020533242055345,46.592829527138946,1.9418503898681958
94,СКФО,2020-05-04,0.00011875000201103684,0.008967415641111419,1446124.5601851852,2.269233619863698,1.5376393959668582,40.48082080338542,1.8071872860589513,24.824224483916236,5.004907932431159,16.281265208036068,25.35858796296296,42.253220310843695,1.8270384220870288,47.292926551590845,1.9668125444586104
95,СКФО,2020-05-11,0.0001949059681184273,0.013996884130776176,1458253.1232876712,2.1803530549471057,1.0686734604741948,39.94206488717949,1.7831978014282581,24.876056793074717,4.952907856549268,16.24316189900242,25.37090867579909,41.702597219018706,1.8033215262641715,46.715730205833054,1.9425211566549219
96,СКФО,2020-05-18,0.00012200552431153757,0.012926325651388739,1436680.5,2.1608319696324103,1.032621737309429,39.45376659627538,1.7703804508077592,24.55853653070469,4.965143497013942,15.744150271520502,25.265427272727273,41.18135714292299,1.7919683728192835,46.16312811326581,1.9313670759438533
97,СКФО,2020-05-25,0.00027871904807451575,0.019101112005224605,1424314.9819004524,2.1397145907172717,1.1510018371539674,40.10787723816876,1.795779478703546,24.701529494924433,4.990162117824559,16.01573631631707,25.175552036199093,41.869264951983126,1.8166386391096103,46.878201778698134,1.9566845241479602
98,СКФО,2020-06-01,0.0003221599437668355,0.04227077750089173,1435317.8149779735,1.9218948298981686,1.1410767423579178,39.6947444750554,1.7756805113203262,24.750472525707497,4.963796233084399,16.02078375283332,25.208837004405286,41.44994441418657,1.7965071945367832,46.44327230161234,1.9365176649639142
99,СКФО,2020-06-08,0.0002795056412781693,0.0469700152116075,1421843.2695652174,1.896177459903929,0.8852438383056318,39.38808260070421,1.7669678446860133,24.636528401600895,4.947302673552658,15.787035887451049,25.092104347826087,41.1303610627392,1.788734179905532,46.10164493557237,1.9289037442354364
100,СКФО,2020-06-15,0.00026883790989218174,0.047107506916469456,1412683.5478260869,1.7899352238790855,1.0217032345026613,39.238313888377235,1.7605977079568844,24.653279260774465,4.934983812895673,15.759943447039806,25.001378260869565,40.98175941086145,1.7824125605126162,45.933210458993635,1.9221289676345903
101,СКФО,2020-06-22,0.00015084827792674954,0.0415571994385518,1405267.9388646288,1.7795148952663722,0.9971807294705322,39.31316696605495,1.7646915135076366,24.625976242180997,4.944649038865854,15.731294681333702,24.961917030567683,41.05818763555838,1.7865592849025993,46.00896888002965,1.9262953658563358
102,СКФО,2020-06-29,0.000367133516249259,0.032236084395629375,1421388.5110132159,1.736651020666847,0.9346814326216352,39.01555224503901,1.7513178135743805,24.60539551465112,4.925182319413733,15.689482331676723,25.078057268722468,40.74765785711077,1.7734013165022078,45.704059962092124,1.9136678803300633
103,СКФО,2020-07-06,0.00030716608775019914,0.03136668063260662,1425270.3537117904,1.7325285699168795,0.9984992127825059,39.49319701955663,1.769133771716615,24.694141575113537,4.950410688585116,15.900060866869639,25.123689956331877,41.244838242008626,1.7906146612426377,46.2347114498754,1.9317005017869953
104,СКФО,2020-07-13,0.00025943794513618113,0.027338872376088435,1417615.1622807018,1.7394590419236164,0.9512759464413468,39.36348307194834,1.7672762500583887,24.57971742811938,4.954444097679196,15.711088593975767,25.08119736842105,41.10070823933466,1.789199038973976,46.06785331544883,1.929224377948443
105,СКФО,2020-07-20,0.00012059307120928021,0.021296113336074767,1419977.4166666667,1.7414729854061337,1.0619979145536969,39.160638393490814,1.7565474531296543,24.641927252236872,4.937112920490576,15.753855285846411,25.068087719298248,40.898282582439855,1.7782232621407725,45.84882806013912,1.91763839080639
106,СКФО,2020-07-27,0.0003040348307727603,0.01831411064889914,1440091.7688888889,1.8103403549022539,1.1323231580268704,39.4503284581687,1.7666457662662287,24.684899304058185,4.949296319843084,15.91014156496564,25.248746666666666,41.19335740836337,1.7879807129811354,46.18928168414058,1.9286839397814468
107,СКФО,2020-08-03,0.00017579659370107784,0.015245275323419585,1436969.784753363,1.7352553786691114,1.1338203375668199,39.55304126472864,1.7707086577765936,24.675435626298665,4.964261019665231,15.92431792632685,25.250089686098654,41.29852625619326,1.7918454278598337,46.29695733744678,1.9324414011252116
108,СКФО,2020-08-10,0.00016958795786372233,0.014791677086885321,1421137.027027027,1.72162182288877,1.0102218913754717,39.25180974116089,1.7592352949593986,24.693427059884982,4.930340109773029,15.84042666659754,25.07942342342342,40.995957910929555,1.7807197791477682,45.957067803741644,1.920414623573351
109,СКФО,2020-08-17,9.257148127682812e-05,0.01321577864661763,1451900.8310502283,1.727773259945711,1.188780102572237,39.80941948350611,1.7768694373431182,24.798057810549782,4.967539855232707,16.177580674063904,25.376657534246576,41.57157477750981,1.79739822215216,46.616017007750024,1.9398179037204013
110,СКФО,2020-08-24,0.0002242304268356115,0.011292452904115225,1458939.0046511628,1.6961573129717593,1.1674956408273278,39.77271048291529,1.7726171554446493,24.772467130657454,5.001531125301659,16.18900608613864,25.485767441860464,41.527269178057466,1.7923039967571999,46.557081351790174,1.9330424746923092
111,СКФО,2020-08-31,0.0002754285751594252,0.0072039597714460505,1439624.918660287,1.713543638519433,1.15551514945531,39.65854704275754,1.7699015817873613,24.844442934850814,4.9486351741747185,16.179933867915597,25.271765550239234,41.42140047114149,1.790118170775965,46.42961408993719,1.9305950241219376
112,СКФО,2020-09-07,0.00019331027964680265,0.008363764692335456,1448988.6367924528,1.7159512006466553,0.853114707421087,40.303743564053946,1.7960434083578538,24.899736051315593,4.983799849275095,16.38574213520812,25.37467924528302,42.085165415338125,1.8158426701128134,47.147353517338615,1.9578339384859693
113,СКФО,2020-09-14,0.00020997295388025178,0.008412880504407515,1420084.3568075118,1.7044426523328005,1.0416150878275516,39.78457265873651,1.7800731458580465,24.734342961335415,4.9603931429855015,16.023269290623688,25.139305164319246,41.54789100782982,1.8011029170411383,46.56031342497187,1.942611476836936
114,СКФО,2020-09-21,0.0001109264268843912,0.007830455063484997,1477819.6038647343,1.7009037387279438,1.0441545847584686,40.307788343008916,1.7913879505874881,25.073880489990284,4.949576842529933,16.64001180899613,25.533657004830918,42.09834168908939,1.8108065633214045,47.192937177475336,1.9539994297944783
115,СКФО,2020-09-28,0.00034259024115105137,0.006723843057576908,1496316.9,1.643704008674583,1.042184759001331,40.60019730292752,1.8069116439748754,24.939346698930564,4.987842214452178,16.550088933065787,25.75184,42.36955092312005,1.826136689592404,47.47155367601786,1.967238984390291
116,СКФО,2020-10-05,0.0002809466085788262,0.004800761144992102,1478515.549019608,1.8932018383670097,0.958780792998394,39.969129914149676,1.7790540824777181,24.92491197167527,4.962894095232347,16.412278572710214,25.581534313725488,41.73443178540444,1.7986211942324761,46.796585044890435,1.9401118888851951
117,СКФО,2020-10-12,0.0002874925759376239,0.004467769856515249,1513954.4375,1.8932018383670097,1.0208261481168117,41.19845016971575,1.8233040758542176,25.039342308628793,5.064231682026208,16.922930179302345,26.002479166666664,42.99530599790356,1.8409483498911001,48.176905766167614,1.9850590439032632
118,СКФО,2020-10-19,0.00012352413409671514,0.0042952201578692496,1490959.6632124353,1.8932018383670097,1.0435749137043062,41.276933899184186,1.8247519096340818,25.191052154495342,5.050428751013833,17.056070345889108,25.768129533678756,43.09507524322481,1.8418091552354434,48.237247634180726,1.9840923466827636
119,СКФО,2020-10-26,0.00032011228651434675,0.002587338878474218,1554106.4347826086,1.8932018383670097,1.114324320502098,41.223245952270894,1.8191095024640969,25.225103931142392,5.019794025021285,17.22059268992911,26.236516304347827,43.03194926222345,1.8367531419342236,48.28240744601319,1.98441305175742
120,СФО,2020-04-06,0.0003447652547322209,0.002837510364580091,1595765.0962343097,2.598314180910208,1.2713983657668115,101.59479274270413,4.113181011401379,27.78249765366259,8.82600107696888,34.75385949851843,34.63603974895397,107.26414716493846,4.158510816748571,120.98714523600191,4.323630761632649
121,СФО,2020-04-13,0.00036519307837681533,0.01199992658690868,1522009.3112840466,2.343401681302268,2.0782405528758354,98.80472441650805,4.015425697723428,27.843184718179877,8.558972393744263,33.650312818092026,33.744083657587545,104.28443776337862,4.059536290994716,117.70301333558032,4.228961391288686
122,СФО,2020-04-20,5.2835976755190765e-05,0.012438237872269527,1527065.18359375,2.245580147691285,2.3119170377314266,99.34968004076784,4.032981367791361,27.880262174100103,8.60760076004951,33.87584051699658,33.91451953125,104.86336258277152,4.078226224253533,118.33843243655286,4.247452745560007
123,СФО,2020-04-27,0.000437323799537133,0.011355893044414304,1565794.9516129033,2.232707157063813,3.0283697752729095,101.330620420132,4.09469098397606,27.725515644437127,8.743244544297111,34.6640645963996,34.46693548387096,106.95098089225438,4.141303158749103,120.6092715246454,4.3103876161050305
124,СФО,2020-05-04,2.228027844884149e-05,0.00730022556558558,1579677.2163265306,2.295352550823779,2.0121987066431513,102.09314936933623,4.116874707679685,27.690436080487682,8.786794199572014,34.93858875784385,34.76572040816327,107.75403021574084,4.164731170686267,121.46405515040998,4.333147134564998
125,СФО,2020-05-11,4.350567593270437e-05,0.012304078071002474,1547779.5158730159,1.923287769083209,1.0155912252287584,100.56590169777203,4.072963950575601,27.818357425942718,8.70846080236153,34.39686365061408,34.17601587301587,106.149085073222,4.118849108496254,119.76109508577561,4.28852111731529
126,СФО,2020-05-18,2.129083885848258e-05,0.011649395327471081,1567463.3306451612,1.7543085395522913,1.2874781236277493,101.74650350300661,4.109820909175362,27.776084905241525,8.794423736766685,34.86694961505288,34.52990322580645,107.39584448771693,4.1570752328560845,121.1175117748333,4.326470759194465
127,СФО,2020-05-25,0.00036760547376885055,0.011263866175485393,1592881.1404958677,1.7620895068847582,1.2567419015656396,102.62143855184935,4.140682379954649,27.72978020534289,8.876885035433396,35.214239198202264,34.792830578512394,108.32942343964085,4.187954733896089,122.1480010494551,4.356077536924009
128,СФО,2020-06-01,0.0002366161233395731,0.012913352362975299,1538562.5236220472,1.6816814536911031,1.2479648223234587,100.25754689981194,4.063894641483819,27.886584553004777,8.695111370800122,34.28287015599388,34.09034842519685,105.82692818337307,4.1099273628302315,119.41633865835215,4.2796026646773315
129,СФО,2020-06-08,0.0001930567957066082,0.008734326633241208,1569439.8178137653,1.7506822583359052,0.9577011530637674,101.639678872809,4.107718920564302,27.798517206001385,8.794702748050234,34.81419567855759,34.536133603238866,107.28847039255426,4.154800361555216,121.00166742366837,4.323421868945011
130,СФО,2020-06-15,0.00018435502485509786,0.011312723328573937,1558599.064777328,1.6286463994579405,1.2038416738223496,100.92100787886163,4.085589855526652,27.86226561295578,8.73456775882357,34.54856058594343,34.3660971659919,106.51450375835869,4.131844939954865,120.11673200833108,4.299963833169802
131,СФО,2020-06-22,0.00014653878604175112,0.009988256390266223,1552723.4578313252,1.63664785530362,1.4351419578573055,100.83670232723533,4.079202213449319,27.739937522577,8.713101130294858,34.46534837703616,34.24223895582329,106.4379074034709,4.125400049276881,120.07614844361397,4.2953123566164395
132,СФО,2020-06-29,0.00048296771982523316,0.009614627184179913,1540361.3386454184,1.5300097961264716,1.045931790713473,100.12105564464818,4.058655358414352,27.84229002127164,8.678253379884687,34.17954377480366,34.07232669322709,105.69100405964424,4.104486247178416,119.27030762516931,4.273707684191551
133,СФО,2020-07-06,0.0003935564535122652,0.010553820518445205,1553465.87250996,1.527023121606592,1.1772717784842246,101.06298063881185,4.089542604591133,27.832898031744598,8.754978419091996,34.613210551443615,34.29453784860558,106.67682280045722,4.1360831997296215,120.34722905288668,4.305840589584608
134,СФО,2020-07-13,0.00038787918691277426,0.009480877431019979,1555868.6532258065,1.5538463201579562,1.08196528737779,101.20906733775588,4.093689952155422,27.836159768349503,8.767949764554666,34.63092188799395,34.36797177419355,106.84296411566311,4.140868133211645,120.53580332196853,4.310032292390118
135,СФО,2020-07-20,0.00011223586224755568,0.009523831334099566,1590326.3580246915,1.6180068340169185,0.979086734988089,102.79433464856022,4.144299159166571,27.731108747644466,8.88005808604126,35.28362809686508,34.844323045267494,108.50718086388628,4.192272398679868,122.33396323594648,4.3608908208489945
136,СФО,2020-07-27,0.0004834479119129971,0.01100501088577768,1561652.248995984,1.6235683446143299,0.9390918640514478,101.24069058731894,4.092961073366132,27.761597276584617,8.747187251892178,34.64697709267275,34.40900803212852,106.85886083731317,4.139549196615382,120.52122244778938,4.308859766497767
137,СФО,2020-08-03,0.0003600368746943405,0.009613505362236765,1596400.0041322315,1.6142736863416647,0.9430970807069412,103.3191083971213,4.161789148284297,27.74582958804931,8.929014776466987,35.51168527270997,34.97001446280992,109.06428939829416,4.210450829216061,122.95252726030618,4.3791534540850785
138,СФО,2020-08-10,0.00034828470854715425,0.009056890832101323,1592378.6945606694,1.5752987441277002,1.0945466283937269,103.63782978215214,4.167820949753511,27.73990949700878,8.939237221305689,35.5655139873397,35.08757740585774,109.4150414846246,4.21837185605734,123.34180836562763,4.387196955836512
139,СФО,2020-08-17,0.00018887020540826827,0.008176518626278984,1624163.1196581197,1.605451541308168,1.0590612055957702,104.77155615074152,4.2067678280663845,27.580385690753175,9.031248953682976,36.1028939200075,35.31461324786325,110.59777224279047,4.256003983916972,124.65269483575513,4.425753337920462
140,СФО,2020-08-24,0.00024244669118309752,0.007080397975760331,1633947.701754386,1.5723946819667556,0.9996181953683012,104.84192723384754,4.208358114702587,27.605235108095947,9.01030200616951,36.081736993268436,35.50986842105263,110.65937742029655,4.257774298134083,124.65225738565933,4.425021990376449
141,СФО,2020-08-31,0.0004235369921082565,0.006556343194897693,1607603.459227468,1.5479849201856197,1.084595456814567,103.79783027965142,4.174474591672806,27.624890848831228,8.935438562965764,35.58831232062465,35.0789678111588,109.58759825319977,4.223389540759633,123.54455236222151,4.391422300104531
142,СФО,2020-09-07,0.00024204107372330057,0.0066997017923947225,1644700.0689655172,1.474494842772647,0.9247634885141423,105.79740502871162,4.240278452751059,27.55158899026625,9.099998881141904,36.500351411400054,35.60232327586207,111.67926094332829,4.290191986454058,125.81503581570583,4.458788826413062
143,СФО,2020-09-14,0.00021266427760143676,0.006327662365176067,1625086.7076271186,1.5330013502178477,1.0992104408669185,104.17627577478886,4.189241249386781,27.585025764248286,8.981959952230405,35.833990683185334,35.211940677966105,109.96713099674467,4.237288026949578,123.93052291970787,4.405382527575886
144,СФО,2020-09-21,0.0001167176440638941,0.006379060588205824,1610111.6861924685,1.434207785213856,1.1827335772966314,103.35888431613192,4.165313788702178,27.62274945800636,8.93432057245571,35.537889437100816,34.89630334728034,109.10606181445323,4.2120670331035255,123.01259094273082,4.380859235705158
145,СФО,2020-09-28,0.00043887097622741456,0.0063572529200490065,1592039.852320675,1.101191809399765,1.1435417166536364,103.3023944313857,4.160783027453897,27.668420129503673,8.926198286794301,35.49537983906778,34.814424050632915,109.05863679303143,4.208844753671023,123.00663640073853,4.379212936828639
146,СФО,2020-10-05,0.00027199963490149323,0.0058321768380901196,1627522.6666666667,1.8932018383670097,1.5228690349488618,104.6293473660889,4.205371268194165,27.550450741006077,9.014494271903326,36.045683491946974,35.15246581196581,110.44696315037318,4.252905341214043,124.49680206299742,4.42218405145182
147,СФО,2020-10-12,0.00032460014776308863,0.005952935074682035,1576197.2677824267,1.8932018383670097,0.952297016325247,102.19861459011658,4.1273913467017795,27.87634058351143,8.855040363493352,35.0218990444337,34.71093514644352,107.89308167883358,4.175808220617288,121.66273466388688,4.343122518040365
148,СФО,2020-10-19,0.00011841971431679142,0.005963680865656241,1598844.776371308,1.8932018383670097,1.1279311677009936,102.256242531974,4.131936147875135,27.697176233263697,8.84083563722164,35.08058962338105,34.663630801687766,107.9314935884645,4.177149808437009,121.68802706456586,4.344281916508037
149,СФО,2020-10-26,0.0004907924850973417,0.004079223417162429,1603001.1919642857,1.8932018383670097,1.1033659075583886,102.78748081624792,4.1442725005731935,27.58617277528314,8.897306155130444,35.17926080143358,34.82585267857143,108.54031324373646,4.19165356488367,122.43384005360295,4.359752915615554
150,УФО,2020-04-06,0.0005976651728701207,0.0021929159053012425,2588790.5625,3.08831436420722,1.098534001629527,150.32155659764177,4.5066458704043555,26.82684166179931,13.282939127974299,45.65771884980952,49.4396953125,139.151218099117,4.691118240427959,161.86802302397987,5.206027678691434
151,УФО,2020-04-13,0.0007106675269911614,0.009222184358493781,2535408.0,2.814835164835165,1.9760338345864674,147.9644594794827,4.474354024837922,26.98176828880594,13.055846768779533,44.99951405076161,48.65525,137.24426305274895,4.657988113670858,159.63621864647382,5.166135173790969
152,УФО,2020-04-20,6.475936675931852e-05,0.010005884654461925,2535408.0,2.6831240188383054,1.326377959939604,147.9644594794827,4.474354024837922,26.98176828880594,13.055846768779533,44.99951405076161,48.65525,137.24426305274895,4.657988113670858,159.63621864647382,5.166135173790969
153,УФО,2020-04-27,0.0003177989499125979,0.0070430479039271,2535408.0,2.5767399267399274,2.3196476208410104,147.9644594794827,4.474354024837922,26.98176828880594,13.055846768779533,44.99951405076161,48.65525,137.24426305274895,4.657988113670858,159.63621864647382,5.166135173790969
154,УФО,2020-05-04,3.0468468980140476e-05,0.003150126650414999,2575134.5581395347,2.3717930463777614,1.118678479143596,149.71857826508946,4.49838516572457,26.866474054754494,13.224845733761684,45.48934087796005,49.239023255813954,138.66339238958096,4.682643091722654,161.2970963227574,5.195822619298292
155,УФО,2020-05-11,7.395259461199144e-05,0.006482980254065618,2535408.0,2.1708660387231826,1.048815935288203,147.9644594794827,4.474354024837922,26.98176828880594,13.055846768779533,44.99951405076161,48.65525,137.24426305274895,4.657988113670858,159.63621864647382,5.166135173790969
156,УФО,2020-05-18,4.253559619815216e-05,0.006434504412788996,2548448.0152671756,2.0053968387119965,1.0334843036806085,148.54023892819333,4.4822421092510965,26.943923616560046,13.111319711483597,45.16029690243744,48.846870229007635,137.7100841327778,4.666080969061905,160.18139223487225,5.175879907812457
157,УФО,2020-05-25,0.0002906829985548677,0.005165496773384214,2548448.0152671756,1.799399019737079,0.9992648506601438,148.54023892819333,4.4822421092510965,26.943923616560046,13.111319711483597,45.16029690243744,48.846870229007635,137.7100841327778,4.666080969061905,160.18139223487225,5.175879907812457
158,УФО,2020-06-01,0.00023987956867267424,0.006107689950334563,2561688.6461538463,1.6960379181258305,1.0004426276178844,149.12487652226872,4.490251548809089,26.905496718587294,13.167646084075418,45.323553336446736,49.04143846153847,138.1830716909609,4.674298329920507,160.73495310924605,5.18577456081889
159,УФО,2020-06-08,0.00019493378832062105,0.004029903666260702,2548448.0152671756,1.8039677879372533,0.9031592520995775,148.54023892819333,4.4822421092510965,26.943923616560046,13.111319711483597,45.16029690243744,48.846870229007635,137.7100841327778,4.666080969061905,160.18139223487225,5.175879907812457
160,УФО,2020-06-15,0.00022950906626123215,0.005506133628369488,2561688.6461538463,1.6629712595097181,1.1628963971512996,149.12487652226872,4.490251548809089,26.905496718587294,13.167646084075418,45.323553336446736,49.04143846153847,138.1830716909609,4.674298329920507,160.73495310924605,5.18577456081889
161,УФО,2020-06-22,0.00015194399561067987,0.005197191142411794,2535408.0,1.8163134484563075,1.2798034297337417,147.9644594794827,4.474354024837922,26.98176828880594,13.055846768779533,44.99951405076161,48.65525,137.24426305274895,4.657988113670858,159.63621864647382,5.166135173790969
162,УФО,2020-06-29,0.0003708491277526419,0.004707963406796096,2548448.0152671756,1.6722500509305311,0.9771213203773296,148.54023892819333,4.4822421092510965,26.943923616560046,13.111319711483597,45.16029690243744,48.846870229007635,137.7100841327778,4.666080969061905,160.18139223487225,5.175879907812457
163,УФО,2020-07-06,0.00032184169175138676,0.004148070037010866,2569628.7441860465,1.5882940057358652,0.9576405615030298,148.58763072682456,4.489412040567646,26.940286095533146,13.085954876626573,45.28718335432978,48.98048837209303,138.0177377212776,4.670954410222682,160.49539451170028,5.17984092306225
164,УФО,2020-07-13,0.00031566884787744936,0.004093226810043985,2535408.0,1.71905416012559,1.040867871100764,147.9644594794827,4.474354024837922,26.98176828880594,13.055846768779533,44.99951405076161,48.65525,137.24426305274895,4.657988113670858,159.63621864647382,5.166135173790969
165,УФО,2020-07-20,0.00010563466067978547,0.004476842349402955,2548448.0152671756,1.7263945977686435,1.0226657909003678,148.54023892819333,4.4822421092510965,26.943923616560046,13.111319711483597,45.16029690243744,48.846870229007635,137.7100841327778,4.666080969061905,160.18139223487225,5.175879907812457
166,УФО,2020-07-27,0.00036877693846513066,0.004989311111636302,2548448.0152671756,1.7413094539048735,0.9465026592093555,148.54023892819333,4.4822421092510965,26.943923616560046,13.111319711483597,45.16029690243744,48.846870229007635,137.7100841327778,4.666080969061905,160.18139223487225,5.175879907812457
167,УФО,2020-08-03,0.0003786618342688975,0.004391634407597075,2561688.6461538463,1.7671313850984172,0.9473035157852133,149.12487652226872,4.490251548809089,26.905496718587294,13.167646084075418,45.323553336446736,49.04143846153847,138.1830716909609,4.674298329920507,160.73495310924605,5.18577456081889
168,УФО,2020-08-10,0.0003540996617339534,0.004243685123998916,2561688.6461538463,1.7680249969810415,1.234061083926208,149.12487652226872,4.490251548809089,26.905496718587294,13.167646084075418,45.323553336446736,49.04143846153847,138.1830716909609,4.674298329920507,160.73495310924605,5.18577456081889
169,УФО,2020-08-17,0.00018196831006220523,0.003744905115233188,2557074.1328125,1.7924364697802182,0.9991317140883147,147.6002200013082,4.474535376714762,26.996290219692515,12.963851385901116,45.0607624825168,48.6963671875,137.39250547247917,4.653852495071726,159.7430007199435,5.161024600527899
170,УФО,2020-08-24,0.0002233923077735226,0.0029861645421671466,2541387.0846153847,1.5933727810650862,0.9381335735647235,148.68990252643516,4.476443264949231,26.92584986389066,13.129112316040736,45.136985844778614,48.82263846153846,137.73279236951961,4.660803440854316,160.23369320413894,5.173181357926324
171,УФО,2020-08-31,0.00031718991428218913,0.003036223149638902,2569639.850393701,1.5933402555449796,0.9965303367594008,149.00362268609257,4.496625016648216,26.921897730115784,13.152510905305054,45.356335527032385,49.07687401574803,138.18567150370285,4.680149528118355,160.7116637468212,5.189077508695289
172,УФО,2020-09-07,0.00019210284622249034,0.003256830509840427,2591476.5826771655,1.515933241861249,1.1256650097015868,148.63651518053084,4.4968077964925905,26.93653400691485,13.059791149333105,45.41806622990376,49.11831496062992,138.33508118658057,4.675981345593247,160.81928662401896,5.183926694697863
173,УФО,2020-09-14,0.0001765650783115809,0.0031812258025567986,2554675.620155039,1.609308410305087,1.0678224163727326,149.28023237781534,4.484469840904558,26.88698497637804,13.18601325434689,45.30132712666661,49.018527131782946,138.20962253076416,4.669043591113313,160.79195068195182,5.183131794677876
174,УФО,2020-09-21,0.00011794570915679525,0.0028736439793375897,2555292.184,1.5445825222396663,1.0177048079118716,149.322337110562,4.484793547018691,26.88395191038035,13.190178581885045,45.310985145095565,49.030152,138.24051403406068,4.669397366391472,160.82893410708712,5.183675686546256
175,УФО,2020-09-28,0.0003267697437155472,0.0028705229818247902,2602661.622047244,1.1648841971676631,1.050128884162131,150.93403065196657,4.515036664921618,26.786585136671604,13.341947378788687,45.82874844326291,49.643527559055116,139.64672610329137,4.699726856042009,162.44794069687515,5.216393447681319
176,УФО,2020-10-05,0.00019356220908786688,0.002939190865017988,2592210.0162601625,1.8932018383670097,1.3545730372539424,149.49714522499337,4.5119433976971814,26.898439265691408,13.196381201163678,45.565124631275786,49.32183739837399,138.692191386558,4.695133115406119,161.27642446279933,5.203133490123347
177,УФО,2020-10-12,0.00020766445794651172,0.002902510468738392,2561575.6015625,1.8932018383670097,0.9989158615581515,149.54601300990873,4.497421290830303,26.886708428259976,13.234958568896237,45.392733538770685,49.1380234375,138.35227683398728,4.683473859702899,160.95327584405422,5.195031698716619
178,УФО,2020-10-19,9.404035791639788e-05,0.0028330187950194735,2590169.896825397,1.8932018383670097,1.088948365108754,149.949568961959,4.500127233581814,26.84225836630285,13.21993742394189,45.60303172498413,49.36015873015873,139.02449801230577,4.682581834665002,161.6991005448141,5.197568552762447
179,УФО,2020-10-26,0.00037390317483340185,0.0019082986991909453,2591837.432,1.8932018383670097,1.083207230070915,149.05994516240642,4.504254512285249,26.917791394232918,13.126993454833748,45.4904189633788,49.218448,138.51077940496944,4.685404016341179,161.04419844069892,5.193376438047201
180,ЦФО,2020-04-06,0.0003622119449926259,0.013470149167169284,1600501.9493433395,2.9986002335203343,0.9785191160747759,137.72850271215896,4.840191240561802,28.868167547674844,9.631948737116469,47.541492022817444,40.570445590994375,143.77214011264869,4.864673425272902,163.76830655348232,5.1484548746052585
181,ЦФО,2020-04-13,0.0004131709754549143,0.038874059318770506,1573851.5882352942,2.927694388100067,1.8309997967929392,137.0968906144696,4.831072107104257,28.950318501570386,9.567808255059614,47.37657897884853,40.333029411764706,143.11666607835224,4.856046520059105,163.00932701606408,5.139211383566971
182,ЦФО,2020-04-20,0.00014145538832887182,0.030409029479734975,1577064.471326165,2.8233872880508035,1.5813263358458494,137.1761743453925,4.8317562972364225,28.93578508170132,9.573710170976105,47.410805284275696,40.38527688172043,143.1977182068264,4.856556044148462,163.09761806292047,5.139643555778293
183,ЦФО,2020-04-27,0.0004201756522599092,0.023719073533224624,1581259.0634057971,2.636747533971109,1.2880525094205388,137.25750548486832,4.837179208070822,28.942687793858614,9.580716878220345,47.351511327976546,40.32758242753623,143.27254722011614,4.861922374650135,163.20146308790123,5.145339101613406
184,ЦФО,2020-05-04,0.00021682224065463034,0.013360037047698782,1593034.504621072,2.6697585964081596,1.9236982686943074,137.39219852602778,4.837436931064053,28.96822039787684,9.625507023315588,47.384322471791826,40.43474029574862,143.43957158494305,4.862603759047292,163.38507670828741,5.145469593129971
185,ЦФО,2020-05-11,0.00031174937310865134,0.025161068896235005,1590234.5073260074,2.3310433846394445,1.0625907107156287,137.51585607130596,4.840304877663086,28.941145762950033,9.607144382317914,47.457629577502814,40.502065018315015,143.55274455823354,4.864462648902164,163.56151402882267,5.149266405461505
186,ЦФО,2020-05-18,0.0001615907204765081,0.021978944358627427,1591386.7121771218,2.190615657511255,1.0516468143586402,137.63056562344548,4.848572700311502,28.97246623449341,9.61025211978806,47.37550616421826,40.40183487084871,143.65697098745215,4.872985494690844,163.6638264326704,5.156105446114689
187,ЦФО,2020-05-25,0.0003931804280240691,0.019086079086883458,1593465.0517560074,2.0110918781433154,1.0625196324515327,137.51157141152424,4.841397535754466,28.95728568593595,9.616672185394876,47.368069646977055,40.424061922365986,143.55840961287097,4.867033230955983,163.57901300587227,5.151346707833897
188,ЦФО,2020-06-01,0.000608069317363142,0.020385568542578492,1589310.5915750915,1.854806248759451,1.0642197295766191,137.4310152012964,4.840752872104662,28.91829726414828,9.620832371556123,47.36186431782756,40.38559432234432,143.48502090983234,4.8667045423586,163.4837198480015,5.150674109096042
189,ЦФО,2020-06-08,0.0005301110887870556,0.01146242879647818,1600184.4221388367,1.8195686497410635,1.022745062215764,137.525074241519,4.838475026526503,29.021457928642334,9.59329423706119,47.39178375431012,40.476918386491555,143.53294538527194,4.86287863504196,163.4677105109067,5.144953514348228
190,ЦФО,2020-06-15,0.000442641299456329,0.01476982204600914,1590269.667896679,1.6017770951108512,0.9517678495607396,137.48671791026348,4.84006898013346,28.97096608961532,9.611871815778342,47.390397660193734,40.41700830258302,143.51877882162213,4.864605564313443,163.48586889574858,5.1472383442097565
191,ЦФО,2020-06-22,0.00021208624830915801,0.01236132340774918,1602336.5255198488,1.6686471050189196,0.9215774691602692,137.60111059691718,4.844430733868702,28.958465121213386,9.631898450499262,47.331326673565734,40.40839224952741,143.6646222775423,4.870617408073873,163.78371808354387,5.157277719733014
192,ЦФО,2020-06-29,0.000571514153834245,0.01203877561696493,1608220.0230326296,1.5907351026981706,0.9345715838552298,137.538127151423,4.839194540744282,28.951658409284004,9.618589233582089,47.32784077487425,40.42432917466411,143.57131458204924,4.864938913320862,163.6594405110338,5.150568121873689
193,ЦФО,2020-07-06,0.00046635582931844774,0.011662836457221125,1603040.5698113209,1.5034844936022556,1.137219512604192,137.82472569524984,4.851048543253432,28.95614601888731,9.643670871084288,47.35245432884058,40.446402830188674,143.8665866075977,4.8764393167796465,163.9536106725329,5.16034918631133
194,ЦФО,2020-07-13,0.00037119160622486804,0.011053912718498229,1602057.158490566,1.6158176565356133,0.9486543994714168,137.48174480670775,4.843997919686734,29.001803479990528,9.647468471623817,47.29052744912234,40.387946226415096,143.5355503680775,4.868619120400578,163.55366918985595,5.152029573934458
195,ЦФО,2020-07-20,0.00019690293693787588,0.010049929146547882,1612349.6756756757,1.5643825880771691,0.9305271985081098,138.11753459104634,4.861469767706867,28.97605593345859,9.679832311968353,47.36506290520525,40.45674806949807,144.17618613906313,4.886465192720345,164.28503813773926,5.1690446814883195
196,ЦФО,2020-07-27,0.00044852944697540024,0.010993521635039916,1620590.7980582523,1.5959478374543659,0.951668666230084,138.36695034276525,4.863967776076548,28.92904773326574,9.698379811171007,47.47168540373246,40.62204951456311,144.4557122172248,4.889772513707855,164.64177235423435,5.173357515750663
197,ЦФО,2020-08-03,0.00022732597218736616,0.010285279358648418,1619596.26171875,1.5568898969878904,0.9514957713839401,138.28255798855994,4.862792155843902,28.954934920493265,9.677914831600544,47.410852222137684,40.5388935546875,144.36803851441567,4.889328421924428,164.62880826158693,5.175738418167664
198,ЦФО,2020-08-10,0.0001828890734599305,0.00919662188259162,1627010.4600389863,1.5853581911355656,1.20244511366387,138.34287576972432,4.854519505823472,28.92904154616711,9.701079684383686,47.56648110391498,40.81567933723197,144.47238324156237,4.881437407723804,164.75992967522205,5.169668684961378
199,ЦФО,2020-08-17,9.636612681753829e-05,0.008276026872066097,1633150.81124498,1.5225268891658592,1.0064133153980448,138.3174434831994,4.85994505138727,28.969186018947806,9.693277372795952,47.40153031868724,40.60620180722892,144.40471420653154,4.886279256777611,164.64399975285264,5.171031662806218
200,ЦФО,2020-08-24,0.00030755651122656147,0.007477684660145305,1660139.54375,1.5422066228790365,1.0971240778162314,138.79453945529832,4.8668098669329805,28.919663064979865,9.689740931788057,47.543653318921784,40.860028125,144.818949837572,4.890284359068125,165.06530155927325,5.173557719275746
201,ЦФО,2020-08-31,0.0004005438994815432,0.007384880009023369,1664346.6088794926,1.4359269866727775,1.066174547963251,139.5028587148375,4.894240053846105,28.95802072084296,9.729527137361737,47.56678408184728,40.85237315010571,145.58236267459958,4.918814239394782,166.04167615424902,5.206115093286091
202,ЦФО,2020-09-07,0.0001827117994238991,0.008975995288066243,1620433.1144578313,1.4560979055796255,0.9482851618040279,138.13906165226376,4.859544010450555,28.87623575165366,9.735629740959354,47.30226099861704,40.49767269076305,144.24413034717324,4.887297632420281,164.51344431759378,5.173911072372537
203,ЦФО,2020-09-14,0.00018344944833095819,0.007741650388938573,1637764.4769539079,1.4656789440950866,1.069689785445996,138.57293825446467,4.868710165178925,29.044970134622286,9.72074148686026,47.42813854557835,40.70579859719439,144.65573496383934,4.893098775275524,164.8629840884248,5.176727934784373
204,ЦФО,2020-09-21,0.0002033283057097689,0.006982244539374688,1648180.6008230452,1.3538210619851745,1.1160821144062258,138.8368218936668,4.881631375259829,28.93768247214736,9.729156198136808,47.38614214850557,40.611793209876545,144.9298965317353,4.907368899541941,165.2202590229312,5.190259825803929
205,ЦФО,2020-09-28,0.00044353557782514906,0.007724067581494998,1635407.7520325202,1.0704223904308012,1.1514547592021855,138.74966206085728,4.884657786638352,28.9273891187595,9.740198497080442,47.30608868255441,40.4608993902439,144.8593593157598,4.912446906637961,165.17344924958093,5.197256226484188
206,ЦФО,2020-10-05,0.000222824576293112,0.006944375955564581,1652992.3024691357,1.8932018383670097,1.3998536858475221,138.85427222657506,4.873194017513595,28.98807191967368,9.722679581100085,47.52157818341807,40.827128600823045,144.9553491637519,4.898353819922973,165.24051562029837,5.183989001768055
207,ЦФО,2020-10-12,0.00025661162093965447,0.006616945543434127,1667234.5159235669,1.8932018383670097,1.0304972254796565,139.1912702774827,4.877060028869105,28.985300658260062,9.742038900311597,47.53166937136985,40.8579033970276,145.28727381162156,4.9025217082238495,165.70819847401756,5.1886037702954955
208,ЦФО,2020-10-19,0.00017226273272299912,0.006562990656232294,1651381.2936344969,1.8932018383670097,1.116598959663005,138.57542553046918,4.861065938313937,28.994627081293167,9.697870949270351,47.48891740117954,40.83527207392197,144.64932741791245,4.885312317730402,164.87369035065922,5.170458102920282
209,ЦФО,2020-10-26,0.0005097562574785268,0.003927964567321645,1719974.7819025521,1.8932018383670097,1.0821699401240665,140.10809518658118,4.893316966027135,28.973805843858855,9.702952950330474,47.67874590551511,41.20130278422274,146.1252368095162,4.918247446159892,166.75396383384552,5.207472535308171
210,ЮФО,2020-04-06,0.0005132807183045283,0.009170126017011884,2148825.432,2.8911827269223678,2.0922525534561482,86.59855443021708,3.299841205912445,37.5823030695751,7.930307719561283,33.27631745162234,38.175312,92.06850995918317,3.3588722730844274,104.39603143204268,3.5005575964643567
211,ЮФО,2020-04-13,0.0005804865770633547,0.02143522707632662,2071170.0343511452,2.784336714852696,2.2702962239583337,85.4181634546159,3.255763985672171,38.04647190364591,7.791711002068462,33.03983711784703,37.59058778625954,91.02363416382117,3.325141532745739,102.94116224019082,3.4603963583409905
212,ЮФО,2020-04-20,4.964758812478537e-05,0.019483084630201212,2092019.861003861,2.714590240743749,3.268351080653224,85.93501854030971,3.2664274158164064,38.09507062619626,7.820938972921588,33.26380189413621,37.859297297297296,91.5744586458484,3.3362957201646957,103.50264839831189,3.470001489338292
213,ЮФО,2020-04-27,0.0002917903012408174,0.015443880336721859,2084385.4846153846,2.6110836707314706,1.9704537126893829,85.5935465900099,3.261732124130443,37.79737638439103,7.811928870710837,33.129819628925425,37.7031,91.1235997312882,3.326904853771718,103.16042654815027,3.4642485331156196
214,ЮФО,2020-05-04,4.4772085777019206e-05,0.008954664382287043,2142793.876,2.6036392624586893,1.8327999999999995,86.77466003182256,3.2888271102130764,38.11629007111683,7.897394333852843,33.45252662617702,38.2951,92.43089319855407,3.3572931607969583,104.51920754728775,3.492229750691329
215,ЮФО,2020-05-11,8.056423551035683e-05,0.017013827835154153,2108402.66796875,2.3825844288136935,0.9773411670626352,85.94976031618869,3.2729289164405295,37.80280666885638,7.84692198841044,33.19769964568062,37.88855859375,91.48023504124227,3.33692030932709,103.59402302368997,3.474692625331645
216,ЮФО,2020-05-18,4.022598765351334e-05,0.014338774004566984,2092019.861003861,2.2084599121644395,1.2629991612805054,85.93501854030971,3.2664274158164064,38.09507062619626,7.820938972921588,33.26380189413621,37.859297297297296,91.5744586458484,3.3362957201646957,103.50264839831189,3.470001489338292
217,ЮФО,2020-05-25,0.0002547581734078707,0.013303347878138446,2122924.2637795275,2.0800857452160506,1.2873943004434567,86.24371403312843,3.2788793669097824,37.67253969316927,7.864792909488851,33.36296191808565,38.064330708661416,91.74320672961152,3.3406715375223084,103.92155307455629,3.478697090756086
218,ЮФО,2020-06-01,0.00023232613470393386,0.013807535191818442,2136949.1071428573,1.9273853761450466,1.29679083315353,86.29993624257393,3.2946653595736293,37.191876935092566,7.918124940280681,33.22726863699133,38.041420634920634,91.644351067607,3.3484092084270367,104.07498837607379,3.493716278268045
219,ЮФО,2020-06-08,0.00020832392047959592,0.008243702820451688,2206168.804979253,2.00224999358448,1.07932537621386,87.4075587936175,3.33980262364595,36.678642453713934,8.068601914844722,33.364712786565875,38.47583817427386,92.61713194388082,3.383322705792309,105.42503934316407,3.535092197744431
220,ЮФО,2020-06-15,0.00017327031328551352,0.010082011809349655,2156712.4112903224,1.8070341470045344,1.4101803889868199,86.47086195090682,3.2993757374592683,36.840599300719035,7.945221395128752,33.28993608737071,38.17616129032258,91.70372991632368,3.347315489678157,104.33666999022127,3.4968472799532844
221,ЮФО,2020-06-22,0.00010827053215525154,0.008256544966658449,2244764.6170212766,1.841162517940005,0.9648945477755083,88.17140757127255,3.3584085487435784,36.3284664613992,8.135207906064014,33.688755581255,38.83007234042553,93.30532326360793,3.3960934860035508,106.27318322029002,3.548437279676332
222,ЮФО,2020-06-29,0.00032512709691403483,0.007695386594397701,2192612.390946502,1.7903099163718097,1.1255784879286101,87.17650565290198,3.32611705294459,36.54638631412909,8.027705813273656,33.465306355875704,38.43132098765432,92.34426525845333,3.368425373529566,105.12679975672368,3.519220668078341
223,ЮФО,2020-07-06,0.0001846509291875999,0.00831517452902534,2192497.576131687,1.7869617833542524,0.9981392369176045,87.305251285963,3.329114043731293,36.883767884351094,8.032791445532151,33.44070025906407,38.4506378600823,92.58482015671747,3.3766286817812854,105.25077532832198,3.524734612674012
224,ЮФО,2020-07-13,0.0001663517261295901,0.008496995989462526,2155938.4072580645,1.7857783866358685,1.0862552795548284,86.42102791558344,3.3011449544837905,36.87619408753617,7.951051065230334,33.20423011955845,38.12595967741935,91.66073338644294,3.3494360985931397,104.29709273484066,3.499601183283731
225,ЮФО,2020-07-20,7.55419372893958e-05,0.007828199396783682,2208042.8875,1.801687514816252,1.1560480559690236,87.5170159174741,3.3393983686907216,36.67333650986793,8.074322523573283,33.41244473324206,38.53151666666667,92.73774511663697,3.383711651493138,105.55555187612738,3.5360453526705933
226,ЮФО,2020-07-27,0.00031614292649770006,0.009327855320345526,2192465.3950617285,1.8596997710791234,1.3150771573178968,87.0784835665364,3.323441172157573,36.71004536043751,8.019013645412109,33.367662773521225,38.44129218106996,92.28013176372167,3.3680397729113807,105.0772695612904,3.5203882390299035
227,ЮФО,2020-08-03,0.00015272197318978327,0.008518196980956476,2199643.896694215,1.8383858116376366,1.2877141854501026,87.44636727550589,3.335034396414185,36.932778185280306,8.050188911560978,33.43442508885777,38.49860743801653,92.74371503356659,3.3829938732707667,105.42007047462306,3.5312492790227066
228,ЮФО,2020-08-10,0.00017351607208759788,0.0075557095177923115,2237910.279661017,1.7911682959390465,1.0959338983937803,88.20796606211718,3.353440256730084,36.590547067464364,8.116044546801787,33.75886716752598,38.85191949152542,93.43220850252416,3.3957021798576834,106.26449419459492,3.5444401126738354
229,ЮФО,2020-08-17,0.00010594690117600045,0.006815540370266672,2210536.3891213387,1.7761595042608744,1.0640783167950332,87.39680534373952,3.3307659420587883,37.23245434308764,8.047144855555018,33.28544633502429,38.559410041841005,92.75979954422337,3.382435841187302,105.47533830319516,3.532430970507442
230,ЮФО,2020-08-24,0.00018505838753256088,0.005758579434697889,2270872.5560344825,1.731973870021031,1.177798556367217,89.10698695908512,3.3760272289023168,37.02921210282612,8.176700984751008,33.987247604600306,39.24021120689655,94.49963976408725,3.4243809308341664,107.24511539712117,3.568905644934317
231,ЮФО,2020-08-31,0.0002999442398536199,0.005327425473025117,2292101.515418502,1.7104733591871912,1.5098434353794736,89.21656403848927,3.3818473248106713,36.93624790935658,8.217472142632188,33.83022212248329,39.289837004405285,94.57061924182221,3.4281934610296427,107.49652707182672,3.577808781738827
232,ЮФО,2020-09-07,0.00018791766531835147,0.005898120759232142,2291916.451327434,1.6477352794824127,1.1133389810720875,89.10064462158151,3.3890662794516824,36.674944174943704,8.223867035676026,33.76650406498315,39.22138495575221,94.33278134812421,3.4295420144362123,107.38310467596837,3.5828486158317134
233,ЮФО,2020-09-14,0.00020718535573006775,0.005374946340333729,2264766.795652174,1.6331604171705294,1.236123073292479,88.49675474272769,3.358536401972038,36.98160977688775,8.121974431215627,33.78813381480214,39.11138695652174,93.78856337349602,3.4036829064920453,106.66948063870566,3.552585642098707
234,ЮФО,2020-09-21,7.789786496217357e-05,0.005184708467684066,2237734.305084746,1.608939664835622,1.101335764675073,87.6223072274995,3.33958601574814,36.847025743922316,8.072000983567321,33.42891138547196,38.7509872881356,92.84862119113188,3.38317442403544,105.76591513931005,3.5353863299952772
235,ЮФО,2020-09-28,0.00033364602317255957,0.005151688469481675,2282552.6173913046,1.4129706259449064,1.0379994423155963,89.06300913729348,3.3685754151908376,37.26912404230967,8.156176833877097,33.97196283675504,39.35990434782609,94.49793794572945,3.419183384267516,107.26759966016401,3.563544282678736
236,ЮФО,2020-10-05,0.00024627475048082077,0.004708867385456257,2293120.4292035396,1.8932018383670097,1.2812692582298648,89.53647667930021,3.3970727130890768,37.86816011084334,8.225177924104587,33.78406780405621,39.434650442477874,95.19593031917756,3.457017060148416,107.81501457428752,3.5994028931667437
237,ЮФО,2020-10-12,0.00025982924052865585,0.004455460091493702,2277879.229437229,1.8932018383670097,1.0386512937459214,89.25700361588183,3.357757314550678,37.418162328277255,8.117731828382398,34.31840598461986,39.541619047619044,94.76088911427225,3.411853638893336,107.38188732899191,3.550525484005818
238,ЮФО,2020-10-19,0.00010232028827388099,0.004154010505137238,2301149.6933333334,1.8932018383670095,1.1025792815996378,89.44634046840225,3.4008792614335284,37.54416379182322,8.212994044537801,33.85309362238791,39.52519111111111,94.94521572583166,3.453102322947173,107.75658042366825,3.599774527258296
239,ЮФО,2020-10-26,0.00032046782970463405,0.002393775270440514,2425875.1737089204,1.89320183836701,1.0992061095770715,91.02886889667249,3.4605647849645282,36.3225228231757,8.449868324344049,34.03563547528875,40.22030046948356,96.1685477361907,3.489919383047085,109.80688693662506,3.6514504153510132
